x1	y1	z	name	foo
-4.064941	53.800651	7825200	London	foo
-74	40.716667	19541453	New York	foo
-99.133333	19.433333	21200000	Mexico City	foo
139.6917	35.689506	35676000	Tokyo	foo
